﻿<?xml version="1.0" encoding="UTF-8" standalone="yes"?>
<addon id="repository.mateus.kodi" name="MATEUS repository" version="0.0.2" provider-name="capelini314">
	<extension point="xbmc.addon.repository" name="Mateus Add-on Repository">
		<info compressed="false">http://raw.github.com/capelini314/repository.mateus.kodi/master/addons.xml</info>
		<checksum>http://raw.github.com/capelini314/repository.mateus.kodi/master/addons.xml.md5</checksum>
		<datadir zip="true">http://raw.github.com/capelini314/repository.mateus.kodi/master/repo/</datadir>
	</extension>
	<extension point="xbmc.addon.metadata">
		<summary>Mateus Addon</summary>
		<description>Addon Description</description>
		<disclaimer></disclaimer>
		<platform>all</platform>
	</extension>
</addon>