<?xml version="1.0" encoding="UTF-8" standalone="yes"?>
<addon id="plugin.video.discoveryhd" name="Discovery HD" version="0.2.1" provider-name="capelini314">
  <requires>
    <import addon="xbmc.python" version="2.14.0"/>
	<import addon="script.module.requests" version="2.4.3"/>
  </requires>
  <extension point="xbmc.python.pluginsource" library="main.py">
    <provides>video</provides>
  </extension>
  <extension point="xbmc.addon.metadata">
    <language>en</language>
    <platform>all</platform>
    <summary lang="en">Discovery</summary>
    <description lang="en">Discovery HD
http://gbbrlive2.sambatech.com.br/liveevent/sbt3_8fcdc5f0f8df8d4de56b22a2c6660470/livestream/chunklist.m3u8
	</description>
    <platform>all</platform>
  </extension>
</addon>
