<?xml version="1.0" encoding="UTF-8" standalone="yes"?>
<addon id="plugin.video.discoveryhd" name="Teste Discovery" version="0.3.1" provider-name="capelini314">
  <requires>
    <import addon="xbmc.python" version="2.14.0"/>
	<import addon="script.module.requests" version="2.4.3"/>
  </requires>
  <extension point="xbmc.python.pluginsource" library="main.py">
    <provides>video</provides>
  </extension>
  <extension point="xbmc.addon.metadata">
    <language>en</language>
    <platform>all</platform>
    <summary lang="en">Fun Videos</summary>
    <description lang="en">Discovery HD
	http://tv-msn.com/discohd.html	
	</description>
    <platform>all</platform>
  </extension>
</addon>
